<?xml version="1.0" encoding="UTF-8"?>
<!--GENERATED BY:  Lectora Inspire v.17.1.3(11276) (http://www.trivantis.com) -->
<!--TITLE: D:\SVN\3.NonCoreProduction\Lectora\Fac-in-a-Box\Change Blindness\Lectora -->

<lom xmlns="http://ltsc.ieee.org/xsd/LOM">

  <general>
    <title>
      <string language="en">Change blindness</string>
    </title>
    <language>en</language>
    <description>
      <string language="en">Change blindness</string>
    </description>
    <keyword>
      <string language="en">Change blindness</string>
    </keyword>
    <aggregationLevel>
      <source>LOMv1.0</source>
      <value>1</value>
    </aggregationLevel>
  </general>

  <lifeCycle>
    <version>
      <string>1.0</string>
    </version>
    <status>
      <source>LOMv1.0</source>
      <value>final</value>
    </status>
    <contribute>
      <role>
        <source>LOMv1.0</source>
        <value>author</value>
      </role>
      <entity>
        BEGIN:vcard
        ORG:CourseCreator
        END:vcard
      </entity>
      <date>
         <dateTime>2019-10-09</dateTime>
      </date>
    </contribute>
  </lifeCycle>

  <metaMetadata>
    <metadataSchema>ADL SCORM(TM) 1.2</metadataSchema>
  </metaMetadata>

  <technical>
    <format>text/html</format>
    <location>a002index.html</location>
    <requirement>
      <orComposite>
        <type>
           <source>LOMv1.0</source>
           <value>browser</value>
        </type>
        <name>
           <source>LOMv1.0</source>
           <value>ms-internet explorer</value>
        </name>
        <minimumVersion>6.0</minimumVersion>
      </orComposite>
    </requirement>
    <otherPlatformRequirements>
      <string>jswdk1.2.2</string>
    </otherPlatformRequirements>
  </technical>

  <rights>
    <cost>
      <source>LOMv1.0</source>
      <value>no</value>
    </cost>
    <copyrightAndOtherRestrictions>
      <source>LOMv1.0</source>
      <value>no</value>
    </copyrightAndOtherRestrictions>
  </rights>
  <classification>
    <purpose>
      <source>LOMv1.0</source>
      <value>discipline</value>
    </purpose>
    <description>
      <string language="en">Change blindness</string>
    </description>
    <keyword>
      <string language="en">Change blindness</string>
    </keyword>
  </classification>

</lom>
