<?xml version="1.0" encoding="UTF-8"?>
<!--GENERATED BY:  Lectora Inspire v.17.1.3(11276) (http://www.trivantis.com) -->
<!--TITLE: D:\SVN\3.NonCoreProduction\Lectora\Fac-in-a-Box\Change Blindness\Lectora -->

<manifest identifier="CourseID" version="1.3"
          xmlns="http://www.imsglobal.org/xsd/imscp_v1p1"
          xmlns:adlcp="http://www.adlnet.org/xsd/adlcp_v1p3"
          xmlns:imsss="http://www.imsglobal.org/xsd/imsss"
          xmlns:adlnav="http://www.adlnet.org/xsd/adlnav_v1p3"
          xmlns:xsi="http://www.w3.org/2001/XMLSchema-instance"
          xsi:schemaLocation="http://www.imsglobal.org/xsd/imscp_v1p1 imscp_v1p1.xsd
                              http://www.adlnet.org/xsd/adlcp_v1p3 adlcp_v1p3.xsd
                              http://www.imsglobal.org/xsd/imsss imsss_v1p0.xsd
                              http://www.adlnet.org/xsd/adlnav_v1p3 adlnav_v1p3.xsd" >
  <metadata>
    <schema>ADL SCORM</schema>
    <schemaversion>2004 3rd Edition</schemaversion>
    <adlcp:location>Fac-in-a-Box.xml</adlcp:location>
  </metadata>

  <organizations default="CourseID-org">
    <organization identifier="CourseID-org">
      <title>Change blindness</title>
      <item identifier="I_A002" identifierref="A002">
        <title>Fac-in-a-Box</title>
        <imsss:sequencing>
          <imsss:controlMode choice="false" flow="true"/>
          <imsss:objectives>
            <imsss:primaryObjective satisfiedByMeasure="true">
              <imsss:minNormalizedMeasure>0.75</imsss:minNormalizedMeasure>
            </imsss:primaryObjective>
          </imsss:objectives>
        </imsss:sequencing>
        <adlnav:presentation>
          <adlnav:navigationInterface>
             <adlnav:hideLMSUI>previous</adlnav:hideLMSUI>
             <adlnav:hideLMSUI>continue</adlnav:hideLMSUI>
             <adlnav:hideLMSUI>exit</adlnav:hideLMSUI>
             <adlnav:hideLMSUI>abandon</adlnav:hideLMSUI>
          </adlnav:navigationInterface>
        </adlnav:presentation>
        <adlcp:timeLimitAction>continue,no message</adlcp:timeLimitAction>
      </item>
      <imsss:sequencing>
        <imsss:controlMode choice="false" flow="true"/>
        <imsss:sequencingRules>
          <imsss:exitConditionRule>
            <imsss:ruleConditions>
              <imsss:ruleCondition condition="completed"/>
            </imsss:ruleConditions>
            <imsss:ruleAction action="exit"/>
          </imsss:exitConditionRule>
        </imsss:sequencingRules>
      </imsss:sequencing>
    </organization>
  </organizations>

  <resources>
    <resource identifier="A002" type="webcontent" adlcp:scormType="sco" href="a002index.html">
      <file href="a002index.html"/>
      <dependency identifierref="P_1261114"/>
      <dependency identifierref="P_1494825"/>
      <dependency identifierref="P_1494982"/>
      <dependency identifierref="P_1428809"/>
      <dependency identifierref="P_1497310"/>
      <dependency identifierref="P_1429256"/>
      <dependency identifierref="P_1429409"/>
      <dependency identifierref="P_1429484"/>
      <dependency identifierref="P_1429546"/>
      <dependency identifierref="P_869517"/>
      <dependency identifierref="P_1429720"/>
      <dependency identifierref="P_1429876"/>
      <dependency identifierref="P_1430190"/>
      <dependency identifierref="P_1430556"/>
      <dependency identifierref="P_1430570"/>
      <dependency identifierref="P_1430669"/>
      <dependency identifierref="P_1430697"/>
      <dependency identifierref="P_1430713"/>
      <dependency identifierref="P_1430831"/>
      <dependency identifierref="P_1430840"/>
      <dependency identifierref="P_1430904"/>
      <dependency identifierref="P_1430985"/>
      <dependency identifierref="P_1431115"/>
      <dependency identifierref="P_1431142"/>
      <dependency identifierref="P_1431399"/>
      <dependency identifierref="P_1431573"/>
      <dependency identifierref="P_1431800"/>
      <dependency identifierref="P_1431821"/>
      <dependency identifierref="P_1432548"/>
      <dependency identifierref="P_1432590"/>
      <dependency identifierref="P_1432630"/>
      <dependency identifierref="P_1432758"/>
      <dependency identifierref="P_1432880"/>
      <dependency identifierref="P_1432931"/>
      <dependency identifierref="P_1435981"/>
      <dependency identifierref="P_1436061"/>
      <dependency identifierref="P_1436082"/>
      <dependency identifierref="P_1436102"/>
      <dependency identifierref="P_1437003"/>
      <dependency identifierref="P_1437944"/>
      <dependency identifierref="P_1438121"/>
      <dependency identifierref="P_1438215"/>
      <dependency identifierref="P_1438237"/>
      <dependency identifierref="P_1446158"/>
      <dependency identifierref="P_1438753"/>
      <dependency identifierref="P_1438350"/>
      <dependency identifierref="P_1438879"/>
      <dependency identifierref="P_1438903"/>
      <dependency identifierref="P_1439011"/>
      <dependency identifierref="P_1447079"/>
      <dependency identifierref="P_1439042"/>
      <dependency identifierref="P_1439133"/>
      <dependency identifierref="P_1449307"/>
      <dependency identifierref="P_1463440"/>
      <dependency identifierref="R_images"/>
      <dependency identifierref="R_media"/>
      <dependency identifierref="S_AudioSpeaker"/>
      <dependency identifierref="S_TransButton"/>
      <dependency identifierref="S_DLGFiles"/>
      <dependency identifierref="S_FLVPlayer"/>
      <dependency identifierref="S_SCORMFiles"/>
      <dependency identifierref="S_BaseFiles"/>
      <dependency identifierref="T_656769"/>
    </resource>
    <resource identifier="P_1261114" type="webcontent" adlcp:scormType="asset">
      <file href="a002_fac_in_a_box_menu_01_dot_1.html"/>
      <dependency identifierref="P_1494825"/>
      <dependency identifierref="P_1494982"/>
      <dependency identifierref="P_1428809"/>
      <dependency identifierref="P_1497310"/>
      <dependency identifierref="P_1429256"/>
      <dependency identifierref="P_1429409"/>
      <dependency identifierref="P_1429484"/>
      <dependency identifierref="P_1429546"/>
      <dependency identifierref="P_869517"/>
      <dependency identifierref="P_1429720"/>
      <dependency identifierref="P_1429876"/>
      <dependency identifierref="P_1430190"/>
      <dependency identifierref="P_1430556"/>
      <dependency identifierref="P_1430570"/>
      <dependency identifierref="P_1430669"/>
      <dependency identifierref="P_1430697"/>
      <dependency identifierref="P_1430713"/>
      <dependency identifierref="P_1430831"/>
      <dependency identifierref="P_1430840"/>
      <dependency identifierref="P_1430904"/>
      <dependency identifierref="P_1430985"/>
      <dependency identifierref="P_1431115"/>
      <dependency identifierref="P_1431142"/>
      <dependency identifierref="P_1431399"/>
      <dependency identifierref="P_1431573"/>
      <dependency identifierref="P_1431800"/>
      <dependency identifierref="P_1431821"/>
      <dependency identifierref="P_1432548"/>
      <dependency identifierref="P_1432590"/>
      <dependency identifierref="P_1432630"/>
      <dependency identifierref="P_1432758"/>
      <dependency identifierref="P_1432880"/>
      <dependency identifierref="P_1432931"/>
      <dependency identifierref="P_1435981"/>
      <dependency identifierref="P_1436061"/>
      <dependency identifierref="P_1436082"/>
      <dependency identifierref="P_1436102"/>
      <dependency identifierref="P_1437003"/>
      <dependency identifierref="P_1437944"/>
      <dependency identifierref="P_1438121"/>
      <dependency identifierref="P_1438215"/>
      <dependency identifierref="P_1438237"/>
      <dependency identifierref="P_1446158"/>
      <dependency identifierref="P_1438753"/>
      <dependency identifierref="P_1438350"/>
      <dependency identifierref="P_1438879"/>
      <dependency identifierref="P_1438903"/>
      <dependency identifierref="P_1439011"/>
      <dependency identifierref="P_1447079"/>
      <dependency identifierref="P_1439042"/>
      <dependency identifierref="P_1439133"/>
      <dependency identifierref="P_1449307"/>
      <dependency identifierref="P_1463440"/>
      <dependency identifierref="R_images"/>
      <dependency identifierref="R_media"/>
      <dependency identifierref="S_AudioSpeaker"/>
      <dependency identifierref="S_TransButton"/>
      <dependency identifierref="S_DLGFiles"/>
      <dependency identifierref="S_FLVPlayer"/>
      <dependency identifierref="S_SCORMFiles"/>
      <dependency identifierref="S_BaseFiles"/>
      <dependency identifierref="T_656769"/>
    </resource>
    <resource identifier="P_1494825" type="webcontent" adlcp:scormType="asset">
      <file href="a002_fac_in_a_box_menu_01_dot_1_summary_sheet1.html"/>
      <dependency identifierref="R_images"/>
      <dependency identifierref="R_media"/>
      <dependency identifierref="S_AudioSpeaker"/>
      <dependency identifierref="S_TransButton"/>
      <dependency identifierref="S_DLGFiles"/>
      <dependency identifierref="S_FLVPlayer"/>
      <dependency identifierref="S_SCORMFiles"/>
      <dependency identifierref="S_BaseFiles"/>
    </resource>
    <resource identifier="P_1494982" type="webcontent" adlcp:scormType="asset">
      <file href="a002_fac_in_a_box_menu_01_dot_1_summary_sheet2.html"/>
      <dependency identifierref="R_images"/>
      <dependency identifierref="R_media"/>
      <dependency identifierref="S_AudioSpeaker"/>
      <dependency identifierref="S_TransButton"/>
      <dependency identifierref="S_DLGFiles"/>
      <dependency identifierref="S_FLVPlayer"/>
      <dependency identifierref="S_SCORMFiles"/>
      <dependency identifierref="S_BaseFiles"/>
    </resource>
    <resource identifier="P_1428809" type="webcontent" adlcp:scormType="asset">
      <file href="a002_fac_in_a_box_menu_01_dot_2.html"/>
      <dependency identifierref="R_images"/>
      <dependency identifierref="R_media"/>
      <dependency identifierref="S_AudioSpeaker"/>
      <dependency identifierref="S_TransButton"/>
      <dependency identifierref="S_DLGFiles"/>
      <dependency identifierref="S_FLVPlayer"/>
      <dependency identifierref="S_SCORMFiles"/>
      <dependency identifierref="S_BaseFiles"/>
    </resource>
    <resource identifier="P_1497310" type="webcontent" adlcp:scormType="asset">
      <file href="a002_fac_in_a_box_menu_01_dot_2_static.html"/>
      <dependency identifierref="R_images"/>
      <dependency identifierref="R_media"/>
      <dependency identifierref="S_AudioSpeaker"/>
      <dependency identifierref="S_TransButton"/>
      <dependency identifierref="S_DLGFiles"/>
      <dependency identifierref="S_FLVPlayer"/>
      <dependency identifierref="S_SCORMFiles"/>
      <dependency identifierref="S_BaseFiles"/>
    </resource>
    <resource identifier="P_1429256" type="webcontent" adlcp:scormType="asset">
      <file href="a002_fac_in_a_box_menu_01_dot_3.html"/>
      <dependency identifierref="R_images"/>
      <dependency identifierref="R_media"/>
      <dependency identifierref="S_AudioSpeaker"/>
      <dependency identifierref="S_TransButton"/>
      <dependency identifierref="S_DLGFiles"/>
      <dependency identifierref="S_FLVPlayer"/>
      <dependency identifierref="S_SCORMFiles"/>
      <dependency identifierref="S_BaseFiles"/>
    </resource>
    <resource identifier="P_1429409" type="webcontent" adlcp:scormType="asset">
      <file href="a002_fac_in_a_box_menu_01_dot_4.html"/>
      <dependency identifierref="R_images"/>
      <dependency identifierref="R_media"/>
      <dependency identifierref="S_AudioSpeaker"/>
      <dependency identifierref="S_TransButton"/>
      <dependency identifierref="S_DLGFiles"/>
      <dependency identifierref="S_FLVPlayer"/>
      <dependency identifierref="S_SCORMFiles"/>
      <dependency identifierref="S_BaseFiles"/>
    </resource>
    <resource identifier="P_1429484" type="webcontent" adlcp:scormType="asset">
      <file href="a002_fac_in_a_box_menu_01_dot_5.html"/>
      <dependency identifierref="R_images"/>
      <dependency identifierref="R_media"/>
      <dependency identifierref="S_AudioSpeaker"/>
      <dependency identifierref="S_TransButton"/>
      <dependency identifierref="S_DLGFiles"/>
      <dependency identifierref="S_FLVPlayer"/>
      <dependency identifierref="S_SCORMFiles"/>
      <dependency identifierref="S_BaseFiles"/>
    </resource>
    <resource identifier="P_1429546" type="webcontent" adlcp:scormType="asset">
      <file href="a002_fac_in_a_box_menu_01_dot_6.html"/>
      <dependency identifierref="R_images"/>
      <dependency identifierref="R_media"/>
      <dependency identifierref="S_AudioSpeaker"/>
      <dependency identifierref="S_TransButton"/>
      <dependency identifierref="S_DLGFiles"/>
      <dependency identifierref="S_FLVPlayer"/>
      <dependency identifierref="S_SCORMFiles"/>
      <dependency identifierref="S_BaseFiles"/>
    </resource>
    <resource identifier="P_869517" type="webcontent" adlcp:scormType="asset">
      <file href="a002_fac_in_a_box_menu_01_dot_7.html"/>
      <dependency identifierref="R_images"/>
      <dependency identifierref="R_media"/>
      <dependency identifierref="S_AudioSpeaker"/>
      <dependency identifierref="S_TransButton"/>
      <dependency identifierref="S_DLGFiles"/>
      <dependency identifierref="S_FLVPlayer"/>
      <dependency identifierref="S_SCORMFiles"/>
      <dependency identifierref="S_BaseFiles"/>
    </resource>
    <resource identifier="P_1429720" type="webcontent" adlcp:scormType="asset">
      <file href="a002_fac_in_a_box_menu_01_dot_8.html"/>
      <dependency identifierref="R_images"/>
      <dependency identifierref="R_media"/>
      <dependency identifierref="S_AudioSpeaker"/>
      <dependency identifierref="S_TransButton"/>
      <dependency identifierref="S_DLGFiles"/>
      <dependency identifierref="S_FLVPlayer"/>
      <dependency identifierref="S_SCORMFiles"/>
      <dependency identifierref="S_BaseFiles"/>
    </resource>
    <resource identifier="P_1429876" type="webcontent" adlcp:scormType="asset">
      <file href="a002_fac_in_a_box_menu_01_dot_9.html"/>
      <dependency identifierref="R_images"/>
      <dependency identifierref="R_media"/>
      <dependency identifierref="S_AudioSpeaker"/>
      <dependency identifierref="S_TransButton"/>
      <dependency identifierref="S_DLGFiles"/>
      <dependency identifierref="S_FLVPlayer"/>
      <dependency identifierref="S_SCORMFiles"/>
      <dependency identifierref="S_BaseFiles"/>
    </resource>
    <resource identifier="P_1430190" type="webcontent" adlcp:scormType="asset">
      <file href="a002_fac_in_a_box_menu_01_dot_10.html"/>
      <dependency identifierref="R_images"/>
      <dependency identifierref="R_media"/>
      <dependency identifierref="S_AudioSpeaker"/>
      <dependency identifierref="S_TransButton"/>
      <dependency identifierref="S_DLGFiles"/>
      <dependency identifierref="S_FLVPlayer"/>
      <dependency identifierref="S_SCORMFiles"/>
      <dependency identifierref="S_BaseFiles"/>
    </resource>
    <resource identifier="P_1430556" type="webcontent" adlcp:scormType="asset">
      <file href="a002_fac_in_a_box_menu_01_dot_11.html"/>
      <dependency identifierref="R_images"/>
      <dependency identifierref="R_media"/>
      <dependency identifierref="S_AudioSpeaker"/>
      <dependency identifierref="S_TransButton"/>
      <dependency identifierref="S_DLGFiles"/>
      <dependency identifierref="S_FLVPlayer"/>
      <dependency identifierref="S_SCORMFiles"/>
      <dependency identifierref="S_BaseFiles"/>
    </resource>
    <resource identifier="P_1430570" type="webcontent" adlcp:scormType="asset">
      <file href="a002_fac_in_a_box_menu_01_dot_12.html"/>
      <dependency identifierref="R_images"/>
      <dependency identifierref="R_media"/>
      <dependency identifierref="S_AudioSpeaker"/>
      <dependency identifierref="S_TransButton"/>
      <dependency identifierref="S_DLGFiles"/>
      <dependency identifierref="S_FLVPlayer"/>
      <dependency identifierref="S_SCORMFiles"/>
      <dependency identifierref="S_BaseFiles"/>
    </resource>
    <resource identifier="P_1430669" type="webcontent" adlcp:scormType="asset">
      <file href="a002_fac_in_a_box_menu_01_dot_13.html"/>
      <dependency identifierref="R_images"/>
      <dependency identifierref="R_media"/>
      <dependency identifierref="S_AudioSpeaker"/>
      <dependency identifierref="S_TransButton"/>
      <dependency identifierref="S_DLGFiles"/>
      <dependency identifierref="S_FLVPlayer"/>
      <dependency identifierref="S_SCORMFiles"/>
      <dependency identifierref="S_BaseFiles"/>
    </resource>
    <resource identifier="P_1430697" type="webcontent" adlcp:scormType="asset">
      <file href="a002_fac_in_a_box_menu_01_dot_14.html"/>
      <dependency identifierref="R_images"/>
      <dependency identifierref="R_media"/>
      <dependency identifierref="S_AudioSpeaker"/>
      <dependency identifierref="S_TransButton"/>
      <dependency identifierref="S_DLGFiles"/>
      <dependency identifierref="S_FLVPlayer"/>
      <dependency identifierref="S_SCORMFiles"/>
      <dependency identifierref="S_BaseFiles"/>
    </resource>
    <resource identifier="P_1430713" type="webcontent" adlcp:scormType="asset">
      <file href="a002_fac_in_a_box_menu_01_dot_15.html"/>
      <dependency identifierref="R_images"/>
      <dependency identifierref="R_media"/>
      <dependency identifierref="S_AudioSpeaker"/>
      <dependency identifierref="S_TransButton"/>
      <dependency identifierref="S_DLGFiles"/>
      <dependency identifierref="S_FLVPlayer"/>
      <dependency identifierref="S_SCORMFiles"/>
      <dependency identifierref="S_BaseFiles"/>
    </resource>
    <resource identifier="P_1430831" type="webcontent" adlcp:scormType="asset">
      <file href="a002_fac_in_a_box_menu_01_dot_16.html"/>
      <dependency identifierref="R_images"/>
      <dependency identifierref="R_media"/>
      <dependency identifierref="S_AudioSpeaker"/>
      <dependency identifierref="S_TransButton"/>
      <dependency identifierref="S_DLGFiles"/>
      <dependency identifierref="S_FLVPlayer"/>
      <dependency identifierref="S_SCORMFiles"/>
      <dependency identifierref="S_BaseFiles"/>
    </resource>
    <resource identifier="P_1430840" type="webcontent" adlcp:scormType="asset">
      <file href="a002_fac_in_a_box_menu_02_dot_1.html"/>
      <dependency identifierref="R_images"/>
      <dependency identifierref="R_media"/>
      <dependency identifierref="S_AudioSpeaker"/>
      <dependency identifierref="S_TransButton"/>
      <dependency identifierref="S_DLGFiles"/>
      <dependency identifierref="S_FLVPlayer"/>
      <dependency identifierref="S_SCORMFiles"/>
      <dependency identifierref="S_BaseFiles"/>
    </resource>
    <resource identifier="P_1430904" type="webcontent" adlcp:scormType="asset">
      <file href="a002_fac_in_a_box_menu_02_dot_2.html"/>
      <dependency identifierref="R_images"/>
      <dependency identifierref="R_media"/>
      <dependency identifierref="S_AudioSpeaker"/>
      <dependency identifierref="S_TransButton"/>
      <dependency identifierref="S_DLGFiles"/>
      <dependency identifierref="S_FLVPlayer"/>
      <dependency identifierref="S_SCORMFiles"/>
      <dependency identifierref="S_BaseFiles"/>
    </resource>
    <resource identifier="P_1430985" type="webcontent" adlcp:scormType="asset">
      <file href="a002_fac_in_a_box_menu_02_dot_3.html"/>
      <dependency identifierref="R_images"/>
      <dependency identifierref="R_media"/>
      <dependency identifierref="S_AudioSpeaker"/>
      <dependency identifierref="S_TransButton"/>
      <dependency identifierref="S_DLGFiles"/>
      <dependency identifierref="S_FLVPlayer"/>
      <dependency identifierref="S_SCORMFiles"/>
      <dependency identifierref="S_BaseFiles"/>
    </resource>
    <resource identifier="P_1431115" type="webcontent" adlcp:scormType="asset">
      <file href="a002_fac_in_a_box_menu_02_dot_4.html"/>
      <dependency identifierref="R_images"/>
      <dependency identifierref="R_media"/>
      <dependency identifierref="S_AudioSpeaker"/>
      <dependency identifierref="S_TransButton"/>
      <dependency identifierref="S_DLGFiles"/>
      <dependency identifierref="S_FLVPlayer"/>
      <dependency identifierref="S_SCORMFiles"/>
      <dependency identifierref="S_BaseFiles"/>
    </resource>
    <resource identifier="P_1431142" type="webcontent" adlcp:scormType="asset">
      <file href="a002_fac_in_a_box_menu_02_dot_5.html"/>
      <dependency identifierref="R_images"/>
      <dependency identifierref="R_media"/>
      <dependency identifierref="S_AudioSpeaker"/>
      <dependency identifierref="S_TransButton"/>
      <dependency identifierref="S_DLGFiles"/>
      <dependency identifierref="S_FLVPlayer"/>
      <dependency identifierref="S_SCORMFiles"/>
      <dependency identifierref="S_BaseFiles"/>
    </resource>
    <resource identifier="P_1431399" type="webcontent" adlcp:scormType="asset">
      <file href="a002_fac_in_a_box_menu_02_dot_6.html"/>
      <dependency identifierref="R_images"/>
      <dependency identifierref="R_media"/>
      <dependency identifierref="S_AudioSpeaker"/>
      <dependency identifierref="S_TransButton"/>
      <dependency identifierref="S_DLGFiles"/>
      <dependency identifierref="S_FLVPlayer"/>
      <dependency identifierref="S_SCORMFiles"/>
      <dependency identifierref="S_BaseFiles"/>
    </resource>
    <resource identifier="P_1431573" type="webcontent" adlcp:scormType="asset">
      <file href="a002_fac_in_a_box_menu_02_dot_7.html"/>
      <dependency identifierref="R_images"/>
      <dependency identifierref="R_media"/>
      <dependency identifierref="S_AudioSpeaker"/>
      <dependency identifierref="S_TransButton"/>
      <dependency identifierref="S_DLGFiles"/>
      <dependency identifierref="S_FLVPlayer"/>
      <dependency identifierref="S_SCORMFiles"/>
      <dependency identifierref="S_BaseFiles"/>
    </resource>
    <resource identifier="P_1431800" type="webcontent" adlcp:scormType="asset">
      <file href="a002_fac_in_a_box_menu_02_dot_8.html"/>
      <dependency identifierref="R_images"/>
      <dependency identifierref="R_media"/>
      <dependency identifierref="S_AudioSpeaker"/>
      <dependency identifierref="S_TransButton"/>
      <dependency identifierref="S_DLGFiles"/>
      <dependency identifierref="S_FLVPlayer"/>
      <dependency identifierref="S_SCORMFiles"/>
      <dependency identifierref="S_BaseFiles"/>
    </resource>
    <resource identifier="P_1431821" type="webcontent" adlcp:scormType="asset">
      <file href="a002_fac_in_a_box_menu_02_dot_9.html"/>
      <dependency identifierref="R_images"/>
      <dependency identifierref="R_media"/>
      <dependency identifierref="S_AudioSpeaker"/>
      <dependency identifierref="S_TransButton"/>
      <dependency identifierref="S_DLGFiles"/>
      <dependency identifierref="S_FLVPlayer"/>
      <dependency identifierref="S_SCORMFiles"/>
      <dependency identifierref="S_BaseFiles"/>
    </resource>
    <resource identifier="P_1432548" type="webcontent" adlcp:scormType="asset">
      <file href="a002_fac_in_a_box_menu_02_dot_10.html"/>
      <dependency identifierref="R_images"/>
      <dependency identifierref="R_media"/>
      <dependency identifierref="S_AudioSpeaker"/>
      <dependency identifierref="S_TransButton"/>
      <dependency identifierref="S_DLGFiles"/>
      <dependency identifierref="S_FLVPlayer"/>
      <dependency identifierref="S_SCORMFiles"/>
      <dependency identifierref="S_BaseFiles"/>
    </resource>
    <resource identifier="P_1432590" type="webcontent" adlcp:scormType="asset">
      <file href="a002_fac_in_a_box_menu_02_dot_11.html"/>
      <dependency identifierref="R_images"/>
      <dependency identifierref="R_media"/>
      <dependency identifierref="S_AudioSpeaker"/>
      <dependency identifierref="S_TransButton"/>
      <dependency identifierref="S_DLGFiles"/>
      <dependency identifierref="S_FLVPlayer"/>
      <dependency identifierref="S_SCORMFiles"/>
      <dependency identifierref="S_BaseFiles"/>
    </resource>
    <resource identifier="P_1432630" type="webcontent" adlcp:scormType="asset">
      <file href="a002_fac_in_a_box_menu_02_dot_12.html"/>
      <dependency identifierref="R_images"/>
      <dependency identifierref="R_media"/>
      <dependency identifierref="S_AudioSpeaker"/>
      <dependency identifierref="S_TransButton"/>
      <dependency identifierref="S_DLGFiles"/>
      <dependency identifierref="S_FLVPlayer"/>
      <dependency identifierref="S_SCORMFiles"/>
      <dependency identifierref="S_BaseFiles"/>
    </resource>
    <resource identifier="P_1432758" type="webcontent" adlcp:scormType="asset">
      <file href="a002_fac_in_a_box_menu_02_dot_13.html"/>
      <dependency identifierref="R_images"/>
      <dependency identifierref="R_media"/>
      <dependency identifierref="S_AudioSpeaker"/>
      <dependency identifierref="S_TransButton"/>
      <dependency identifierref="S_DLGFiles"/>
      <dependency identifierref="S_FLVPlayer"/>
      <dependency identifierref="S_SCORMFiles"/>
      <dependency identifierref="S_BaseFiles"/>
    </resource>
    <resource identifier="P_1432880" type="webcontent" adlcp:scormType="asset">
      <file href="a002_fac_in_a_box_menu_03_dot_1.html"/>
      <dependency identifierref="R_images"/>
      <dependency identifierref="R_media"/>
      <dependency identifierref="S_AudioSpeaker"/>
      <dependency identifierref="S_TransButton"/>
      <dependency identifierref="S_DLGFiles"/>
      <dependency identifierref="S_FLVPlayer"/>
      <dependency identifierref="S_SCORMFiles"/>
      <dependency identifierref="S_BaseFiles"/>
    </resource>
    <resource identifier="P_1432931" type="webcontent" adlcp:scormType="asset">
      <file href="a002_fac_in_a_box_menu_03_dot_2.html"/>
      <dependency identifierref="R_images"/>
      <dependency identifierref="R_media"/>
      <dependency identifierref="S_AudioSpeaker"/>
      <dependency identifierref="S_TransButton"/>
      <dependency identifierref="S_DLGFiles"/>
      <dependency identifierref="S_FLVPlayer"/>
      <dependency identifierref="S_SCORMFiles"/>
      <dependency identifierref="S_BaseFiles"/>
    </resource>
    <resource identifier="P_1435981" type="webcontent" adlcp:scormType="asset">
      <file href="a002_fac_in_a_box_menu_03_dot_3.html"/>
      <dependency identifierref="R_images"/>
      <dependency identifierref="R_media"/>
      <dependency identifierref="S_AudioSpeaker"/>
      <dependency identifierref="S_TransButton"/>
      <dependency identifierref="S_DLGFiles"/>
      <dependency identifierref="S_FLVPlayer"/>
      <dependency identifierref="S_SCORMFiles"/>
      <dependency identifierref="S_BaseFiles"/>
    </resource>
    <resource identifier="P_1436061" type="webcontent" adlcp:scormType="asset">
      <file href="a002_fac_in_a_box_menu_03_dot_4.html"/>
      <dependency identifierref="R_images"/>
      <dependency identifierref="R_media"/>
      <dependency identifierref="S_AudioSpeaker"/>
      <dependency identifierref="S_TransButton"/>
      <dependency identifierref="S_DLGFiles"/>
      <dependency identifierref="S_FLVPlayer"/>
      <dependency identifierref="S_SCORMFiles"/>
      <dependency identifierref="S_BaseFiles"/>
    </resource>
    <resource identifier="P_1436082" type="webcontent" adlcp:scormType="asset">
      <file href="a002_fac_in_a_box_menu_04_dot_1.html"/>
      <dependency identifierref="R_images"/>
      <dependency identifierref="R_media"/>
      <dependency identifierref="S_AudioSpeaker"/>
      <dependency identifierref="S_TransButton"/>
      <dependency identifierref="S_DLGFiles"/>
      <dependency identifierref="S_FLVPlayer"/>
      <dependency identifierref="S_SCORMFiles"/>
      <dependency identifierref="S_BaseFiles"/>
    </resource>
    <resource identifier="P_1436102" type="webcontent" adlcp:scormType="asset">
      <file href="a002_fac_in_a_box_menu_04_dot_2.html"/>
      <dependency identifierref="R_images"/>
      <dependency identifierref="R_media"/>
      <dependency identifierref="S_AudioSpeaker"/>
      <dependency identifierref="S_TransButton"/>
      <dependency identifierref="S_DLGFiles"/>
      <dependency identifierref="S_FLVPlayer"/>
      <dependency identifierref="S_SCORMFiles"/>
      <dependency identifierref="S_BaseFiles"/>
    </resource>
    <resource identifier="P_1437003" type="webcontent" adlcp:scormType="asset">
      <file href="a002_fac_in_a_box_menu_04_dot_3.html"/>
      <dependency identifierref="R_images"/>
      <dependency identifierref="R_media"/>
      <dependency identifierref="S_AudioSpeaker"/>
      <dependency identifierref="S_TransButton"/>
      <dependency identifierref="S_DLGFiles"/>
      <dependency identifierref="S_FLVPlayer"/>
      <dependency identifierref="S_SCORMFiles"/>
      <dependency identifierref="S_BaseFiles"/>
    </resource>
    <resource identifier="P_1437944" type="webcontent" adlcp:scormType="asset">
      <file href="a002_fac_in_a_box_menu_04_dot_4.html"/>
      <dependency identifierref="R_images"/>
      <dependency identifierref="R_media"/>
      <dependency identifierref="S_AudioSpeaker"/>
      <dependency identifierref="S_TransButton"/>
      <dependency identifierref="S_DLGFiles"/>
      <dependency identifierref="S_FLVPlayer"/>
      <dependency identifierref="S_SCORMFiles"/>
      <dependency identifierref="S_BaseFiles"/>
    </resource>
    <resource identifier="P_1438121" type="webcontent" adlcp:scormType="asset">
      <file href="a002_fac_in_a_box_menu_04_dot_5.html"/>
      <dependency identifierref="R_images"/>
      <dependency identifierref="R_media"/>
      <dependency identifierref="S_AudioSpeaker"/>
      <dependency identifierref="S_TransButton"/>
      <dependency identifierref="S_DLGFiles"/>
      <dependency identifierref="S_FLVPlayer"/>
      <dependency identifierref="S_SCORMFiles"/>
      <dependency identifierref="S_BaseFiles"/>
    </resource>
    <resource identifier="P_1438215" type="webcontent" adlcp:scormType="asset">
      <file href="a002_fac_in_a_box_menu_04_dot_6.html"/>
      <dependency identifierref="R_images"/>
      <dependency identifierref="R_media"/>
      <dependency identifierref="S_AudioSpeaker"/>
      <dependency identifierref="S_TransButton"/>
      <dependency identifierref="S_DLGFiles"/>
      <dependency identifierref="S_FLVPlayer"/>
      <dependency identifierref="S_SCORMFiles"/>
      <dependency identifierref="S_BaseFiles"/>
    </resource>
    <resource identifier="P_1438237" type="webcontent" adlcp:scormType="asset">
      <file href="a002_fac_in_a_box_menu_05_dot_1.html"/>
      <dependency identifierref="R_images"/>
      <dependency identifierref="R_media"/>
      <dependency identifierref="S_AudioSpeaker"/>
      <dependency identifierref="S_TransButton"/>
      <dependency identifierref="S_DLGFiles"/>
      <dependency identifierref="S_FLVPlayer"/>
      <dependency identifierref="S_SCORMFiles"/>
      <dependency identifierref="S_BaseFiles"/>
    </resource>
    <resource identifier="P_1446158" type="webcontent" adlcp:scormType="asset">
      <file href="a002_fac_in_a_box_menu_05_dot_2.html"/>
      <dependency identifierref="R_images"/>
      <dependency identifierref="R_media"/>
      <dependency identifierref="S_AudioSpeaker"/>
      <dependency identifierref="S_TransButton"/>
      <dependency identifierref="S_DLGFiles"/>
      <dependency identifierref="S_FLVPlayer"/>
      <dependency identifierref="S_SCORMFiles"/>
      <dependency identifierref="S_BaseFiles"/>
    </resource>
    <resource identifier="P_1438753" type="webcontent" adlcp:scormType="asset">
      <file href="a002_fac_in_a_box_menu_05_dot_3.html"/>
      <dependency identifierref="R_images"/>
      <dependency identifierref="R_media"/>
      <dependency identifierref="S_AudioSpeaker"/>
      <dependency identifierref="S_TransButton"/>
      <dependency identifierref="S_DLGFiles"/>
      <dependency identifierref="S_FLVPlayer"/>
      <dependency identifierref="S_SCORMFiles"/>
      <dependency identifierref="S_BaseFiles"/>
    </resource>
    <resource identifier="P_1438350" type="webcontent" adlcp:scormType="asset">
      <file href="a002_fac_in_a_box_menu_05_dot_4.html"/>
      <dependency identifierref="R_images"/>
      <dependency identifierref="R_media"/>
      <dependency identifierref="S_AudioSpeaker"/>
      <dependency identifierref="S_TransButton"/>
      <dependency identifierref="S_DLGFiles"/>
      <dependency identifierref="S_FLVPlayer"/>
      <dependency identifierref="S_SCORMFiles"/>
      <dependency identifierref="S_BaseFiles"/>
    </resource>
    <resource identifier="P_1438879" type="webcontent" adlcp:scormType="asset">
      <file href="a002_fac_in_a_box_menu_05_dot_5.html"/>
      <dependency identifierref="R_images"/>
      <dependency identifierref="R_media"/>
      <dependency identifierref="S_AudioSpeaker"/>
      <dependency identifierref="S_TransButton"/>
      <dependency identifierref="S_DLGFiles"/>
      <dependency identifierref="S_FLVPlayer"/>
      <dependency identifierref="S_SCORMFiles"/>
      <dependency identifierref="S_BaseFiles"/>
    </resource>
    <resource identifier="P_1438903" type="webcontent" adlcp:scormType="asset">
      <file href="a002_fac_in_a_box_menu_05_dot_6.html"/>
      <dependency identifierref="R_images"/>
      <dependency identifierref="R_media"/>
      <dependency identifierref="S_AudioSpeaker"/>
      <dependency identifierref="S_TransButton"/>
      <dependency identifierref="S_DLGFiles"/>
      <dependency identifierref="S_FLVPlayer"/>
      <dependency identifierref="S_SCORMFiles"/>
      <dependency identifierref="S_BaseFiles"/>
    </resource>
    <resource identifier="P_1439011" type="webcontent" adlcp:scormType="asset">
      <file href="a002_fac_in_a_box_menu_06_dot_1.html"/>
      <dependency identifierref="R_images"/>
      <dependency identifierref="R_media"/>
      <dependency identifierref="S_AudioSpeaker"/>
      <dependency identifierref="S_TransButton"/>
      <dependency identifierref="S_DLGFiles"/>
      <dependency identifierref="S_FLVPlayer"/>
      <dependency identifierref="S_SCORMFiles"/>
      <dependency identifierref="S_BaseFiles"/>
    </resource>
    <resource identifier="P_1447079" type="webcontent" adlcp:scormType="asset">
      <file href="a002_fac_in_a_box_menu_06_dot_2.html"/>
      <dependency identifierref="R_images"/>
      <dependency identifierref="R_media"/>
      <dependency identifierref="S_AudioSpeaker"/>
      <dependency identifierref="S_TransButton"/>
      <dependency identifierref="S_DLGFiles"/>
      <dependency identifierref="S_FLVPlayer"/>
      <dependency identifierref="S_SCORMFiles"/>
      <dependency identifierref="S_BaseFiles"/>
    </resource>
    <resource identifier="P_1439042" type="webcontent" adlcp:scormType="asset">
      <file href="a002_fac_in_a_box_menu_06_dot_3.html"/>
      <dependency identifierref="R_images"/>
      <dependency identifierref="R_media"/>
      <dependency identifierref="S_AudioSpeaker"/>
      <dependency identifierref="S_TransButton"/>
      <dependency identifierref="S_DLGFiles"/>
      <dependency identifierref="S_FLVPlayer"/>
      <dependency identifierref="S_SCORMFiles"/>
      <dependency identifierref="S_BaseFiles"/>
    </resource>
    <resource identifier="P_1439133" type="webcontent" adlcp:scormType="asset">
      <file href="a002_fac_in_a_box_menu_06_dot_4.html"/>
      <dependency identifierref="R_images"/>
      <dependency identifierref="R_media"/>
      <dependency identifierref="S_AudioSpeaker"/>
      <dependency identifierref="S_TransButton"/>
      <dependency identifierref="S_DLGFiles"/>
      <dependency identifierref="S_FLVPlayer"/>
      <dependency identifierref="S_SCORMFiles"/>
      <dependency identifierref="S_BaseFiles"/>
    </resource>
    <resource identifier="P_1449307" type="webcontent" adlcp:scormType="asset">
      <file href="a002_fac_in_a_box_you_are_done_slide.html"/>
      <dependency identifierref="R_images"/>
      <dependency identifierref="R_media"/>
      <dependency identifierref="S_AudioSpeaker"/>
      <dependency identifierref="S_TransButton"/>
      <dependency identifierref="S_DLGFiles"/>
      <dependency identifierref="S_FLVPlayer"/>
      <dependency identifierref="S_SCORMFiles"/>
      <dependency identifierref="S_BaseFiles"/>
    </resource>
    <resource identifier="P_1463440" type="webcontent" adlcp:scormType="asset">
      <file href="a002_fac_in_a_box_feedback_form.html"/>
      <dependency identifierref="R_images"/>
      <dependency identifierref="R_media"/>
      <dependency identifierref="S_AudioSpeaker"/>
      <dependency identifierref="S_TransButton"/>
      <dependency identifierref="S_DLGFiles"/>
      <dependency identifierref="S_FLVPlayer"/>
      <dependency identifierref="S_SCORMFiles"/>
      <dependency identifierref="S_BaseFiles"/>
    </resource>
    <resource identifier="R_images" type="webcontent" adlcp:scormType="asset">
      <file href="images/brown_basic_exit.png"/>
      <file href="images/brown_basic_exit_over.png"/>
      <file href="images/brown_basic_exit_click.png"/>
      <file href="images/next.png"/>
      <file href="images/next_over.png"/>
      <file href="images/back.png"/>
      <file href="images/back_over.png"/>
      <file href="images/ui_bg.jpg"/>
      <file href="images/menu.png"/>
      <file href="images/menu_over.png"/>
      <file href="images/statuscheck.png"/>
      <file href="images/statuscheck_ip.png"/>
      <file href="images/statuscheck_ns.png"/>
      <file href="images/audio_mute.png"/>
      <file href="images/audio_mute_over.png"/>
      <file href="images/audio.png"/>
      <file href="images/audio_over.png"/>
      <file href="images/landscape_view_bg.png"/>
      <file href="images/landscape_view.png"/>
      <file href="images/rotating-mobile-phone-from-vertical-to-horizontal-position.png"/>
      <file href="images/check-mark-button.png"/>
      <file href="images/std_qt_cancel_normal.png"/>
      <file href="images/std_qt_cancel_clicked.png"/>
      <file href="images/std_qt_cancel_over.png"/>
      <file href="images/callidologo-new.png"/>
      <file href="images/button659617.png"/>
      <file href="images/button659617_over.png"/>
      <file href="images/button659617_down.png"/>
      <file href="images/button659617_disabled.png"/>
      <file href="images/shape659575.png"/>
      <file href="images/button798927.png"/>
      <file href="images/button798927_over.png"/>
      <file href="images/button798927_down.png"/>
      <file href="images/button798927_disabled.png"/>
      <file href="images/button1254728.png"/>
      <file href="images/button1254728_over.png"/>
      <file href="images/button1254728_down.png"/>
      <file href="images/button1254728_disabled.png"/>
      <file href="images/button1425290.png"/>
      <file href="images/button1425290_over.png"/>
      <file href="images/button1425290_down.png"/>
      <file href="images/button1425290_disabled.png"/>
      <file href="images/button1425748.png"/>
      <file href="images/button1425748_over.png"/>
      <file href="images/button1425748_down.png"/>
      <file href="images/button1425748_disabled.png"/>
      <file href="images/button1425988.png"/>
      <file href="images/button1425988_over.png"/>
      <file href="images/button1425988_down.png"/>
      <file href="images/button1425988_disabled.png"/>
      <file href="images/button1426661.png"/>
      <file href="images/button1426661_over.png"/>
      <file href="images/button1426661_down.png"/>
      <file href="images/button1426661_disabled.png"/>
      <file href="images/button1427283.png"/>
      <file href="images/button1427283_over.png"/>
      <file href="images/button1427283_down.png"/>
      <file href="images/button1427283_disabled.png"/>
      <file href="images/button659609.png"/>
      <file href="images/button659609_over.png"/>
      <file href="images/button659609_down.png"/>
      <file href="images/button659609_disabled.png"/>
      <file href="images/button659601.png"/>
      <file href="images/button659601_over.png"/>
      <file href="images/button659601_down.png"/>
      <file href="images/button659601_disabled.png"/>
      <file href="images/button659571.png"/>
      <file href="images/button659571_over.png"/>
      <file href="images/button659571_down.png"/>
      <file href="images/button659571_disabled.png"/>
      <file href="images/shape659555.png"/>
      <file href="images/button656774.png"/>
      <file href="images/button656774_over.png"/>
      <file href="images/button656774_down.png"/>
      <file href="images/button656774_disabled.png"/>
      <file href="images/shape1450907.png"/>
      <file href="images/shape1450909.png"/>
      <file href="images/shape1425521.png"/>
      <file href="images/shape1430244.png"/>
      <file href="images/button659879.png"/>
      <file href="images/button659879_over.png"/>
      <file href="images/button659879_down.png"/>
      <file href="images/button659879_disabled.png"/>
      <file href="images/button659872.png"/>
      <file href="images/button659872_over.png"/>
      <file href="images/button659872_down.png"/>
      <file href="images/button659872_disabled.png"/>
      <file href="images/shape1428407.png"/>
      <file href="images/change-blindness---experiment-desgin-1.png"/>
      <file href="images/shape659575.png"/>
      <file href="images/shape659555.png"/>
      <file href="images/shape1450907.png"/>
      <file href="images/shape1450909.png"/>
      <file href="images/shape1425521.png"/>
      <file href="images/shape1430244.png"/>
      <file href="images/text1497266.png"/>
      <file href="images/TabletPortrait_text1497266.png"/>
      <file href="images/PhoneLandscape_text1497266.png"/>
      <file href="images/PhonePortrait_text1497266.png"/>
      <file href="images/change-blindness---experiment-desgin-2.png"/>
      <file href="images/shape659575.png"/>
      <file href="images/shape659555.png"/>
      <file href="images/shape1450907.png"/>
      <file href="images/shape1450909.png"/>
      <file href="images/shape1425521.png"/>
      <file href="images/shape1430244.png"/>
      <file href="images/text1497303.png"/>
      <file href="images/TabletPortrait_text1497303.png"/>
      <file href="images/PhoneLandscape_text1497303.png"/>
      <file href="images/PhonePortrait_text1497303.png"/>
      <file href="images/shape659575.png"/>
      <file href="images/shape659555.png"/>
      <file href="images/shape1450907.png"/>
      <file href="images/shape1450909.png"/>
      <file href="images/shape1425521.png"/>
      <file href="images/shape1430244.png"/>
      <file href="images/shape659575.png"/>
      <file href="images/shape659555.png"/>
      <file href="images/shape1450907.png"/>
      <file href="images/shape1450909.png"/>
      <file href="images/shape1425521.png"/>
      <file href="images/shape1430244.png"/>
      <file href="images/shape1497329.png"/>
      <file href="images/text1497326.png"/>
      <file href="images/TabletPortrait_text1497326.png"/>
      <file href="images/PhoneLandscape_text1497326.png"/>
      <file href="images/PhonePortrait_text1497326.png"/>
      <file href="images/shape659575.png"/>
      <file href="images/shape659555.png"/>
      <file href="images/shape1450907.png"/>
      <file href="images/shape1450909.png"/>
      <file href="images/shape1425521.png"/>
      <file href="images/shape1430244.png"/>
      <file href="images/shape1429258.png"/>
      <file href="images/shape659575.png"/>
      <file href="images/shape659555.png"/>
      <file href="images/shape1450907.png"/>
      <file href="images/shape1450909.png"/>
      <file href="images/shape1425521.png"/>
      <file href="images/shape1430244.png"/>
      <file href="images/shape1429411.png"/>
      <file href="images/shape659575.png"/>
      <file href="images/shape659555.png"/>
      <file href="images/shape1450907.png"/>
      <file href="images/shape1450909.png"/>
      <file href="images/shape1425521.png"/>
      <file href="images/shape1430244.png"/>
      <file href="images/shape1429486.png"/>
      <file href="images/shape659575.png"/>
      <file href="images/shape659555.png"/>
      <file href="images/shape1450907.png"/>
      <file href="images/shape1450909.png"/>
      <file href="images/shape1425521.png"/>
      <file href="images/shape1430244.png"/>
      <file href="images/shape1429548.png"/>
      <file href="images/shape659575.png"/>
      <file href="images/shape659555.png"/>
      <file href="images/shape1450907.png"/>
      <file href="images/shape1450909.png"/>
      <file href="images/shape1425521.png"/>
      <file href="images/shape1430244.png"/>
      <file href="images/shape1004792.png"/>
      <file href="images/shape659575.png"/>
      <file href="images/shape659555.png"/>
      <file href="images/shape1450907.png"/>
      <file href="images/shape1450909.png"/>
      <file href="images/shape1425521.png"/>
      <file href="images/shape1430244.png"/>
      <file href="images/shape1429722.png"/>
      <file href="images/shape1429787.png"/>
      <file href="images/picture1border_image1429985.png"/>
      <file href="images/picture2border_image1429988.png"/>
      <file href="images/shape659575.png"/>
      <file href="images/shape659555.png"/>
      <file href="images/shape1450907.png"/>
      <file href="images/shape1450909.png"/>
      <file href="images/shape1425521.png"/>
      <file href="images/shape1430244.png"/>
      <file href="images/shape1429878.png"/>
      <file href="images/shape659575.png"/>
      <file href="images/shape659555.png"/>
      <file href="images/shape1450907.png"/>
      <file href="images/shape1450909.png"/>
      <file href="images/shape1425521.png"/>
      <file href="images/shape1430244.png"/>
      <file href="images/shape1430195.png"/>
      <file href="images/shape659575.png"/>
      <file href="images/shape659555.png"/>
      <file href="images/shape1450907.png"/>
      <file href="images/shape1450909.png"/>
      <file href="images/shape1425521.png"/>
      <file href="images/shape1430244.png"/>
      <file href="images/shape1430558.png"/>
      <file href="images/shape1430560.png"/>
      <file href="images/picture3border_image1430574.png"/>
      <file href="images/picture4border_image1430576.png"/>
      <file href="images/shape659575.png"/>
      <file href="images/shape659555.png"/>
      <file href="images/shape1450907.png"/>
      <file href="images/shape1450909.png"/>
      <file href="images/shape1425521.png"/>
      <file href="images/shape1430244.png"/>
      <file href="images/shape1430572.png"/>
      <file href="images/shape659575.png"/>
      <file href="images/shape659555.png"/>
      <file href="images/shape1450907.png"/>
      <file href="images/shape1450909.png"/>
      <file href="images/shape1425521.png"/>
      <file href="images/shape1430244.png"/>
      <file href="images/shape1430671.png"/>
      <file href="images/shape659575.png"/>
      <file href="images/shape659555.png"/>
      <file href="images/shape1450907.png"/>
      <file href="images/shape1450909.png"/>
      <file href="images/shape1425521.png"/>
      <file href="images/shape1430244.png"/>
      <file href="images/shape1430702.png"/>
      <file href="images/picture5border_image1430717.png"/>
      <file href="images/picture6border_image1430719.png"/>
      <file href="images/shape659575.png"/>
      <file href="images/shape659555.png"/>
      <file href="images/shape1450907.png"/>
      <file href="images/shape1450909.png"/>
      <file href="images/shape1425521.png"/>
      <file href="images/shape1430244.png"/>
      <file href="images/shape1430715.png"/>
      <file href="images/shape659575.png"/>
      <file href="images/shape659555.png"/>
      <file href="images/shape1450907.png"/>
      <file href="images/shape1450909.png"/>
      <file href="images/shape1425521.png"/>
      <file href="images/shape1430244.png"/>
      <file href="images/shape1430833.png"/>
      <file href="images/shape1430835.png"/>
      <file href="images/shape659575.png"/>
      <file href="images/shape659555.png"/>
      <file href="images/shape1450907.png"/>
      <file href="images/shape1450909.png"/>
      <file href="images/shape1425521.png"/>
      <file href="images/shape1430244.png"/>
      <file href="images/shape1430842.png"/>
      <file href="images/shape1430844.png"/>
      <file href="images/shape659575.png"/>
      <file href="images/shape659555.png"/>
      <file href="images/shape1450907.png"/>
      <file href="images/shape1450909.png"/>
      <file href="images/shape1425521.png"/>
      <file href="images/shape1430244.png"/>
      <file href="images/shape1430906.png"/>
      <file href="images/text1430908CircleBulletFont6.png"/>
      <file href="images/text1430908CircleBulletFont6.png"/>
      <file href="images/text1430908CircleBulletFont8.png"/>
      <file href="images/shape659575.png"/>
      <file href="images/shape659555.png"/>
      <file href="images/shape1450907.png"/>
      <file href="images/shape1450909.png"/>
      <file href="images/shape1425521.png"/>
      <file href="images/shape1430244.png"/>
      <file href="images/shape1430987.png"/>
      <file href="images/shape659575.png"/>
      <file href="images/shape659555.png"/>
      <file href="images/shape1450907.png"/>
      <file href="images/shape1450909.png"/>
      <file href="images/shape1425521.png"/>
      <file href="images/shape1430244.png"/>
      <file href="images/shape1439542.png"/>
      <file href="images/shape1431117.png"/>
      <file href="images/shape659575.png"/>
      <file href="images/shape659555.png"/>
      <file href="images/shape1450907.png"/>
      <file href="images/shape1450909.png"/>
      <file href="images/shape1425521.png"/>
      <file href="images/shape1430244.png"/>
      <file href="images/shape1439697.png"/>
      <file href="images/shape1431144.png"/>
      <file href="images/shape659575.png"/>
      <file href="images/shape659555.png"/>
      <file href="images/shape1450907.png"/>
      <file href="images/shape1450909.png"/>
      <file href="images/shape1425521.png"/>
      <file href="images/shape1430244.png"/>
      <file href="images/shape1439719.png"/>
      <file href="images/shape1431409.png"/>
      <file href="images/shape659575.png"/>
      <file href="images/shape659555.png"/>
      <file href="images/shape1450907.png"/>
      <file href="images/shape1450909.png"/>
      <file href="images/shape1425521.png"/>
      <file href="images/shape1430244.png"/>
      <file href="images/shape1431575.png"/>
      <file href="images/shape1431577.png"/>
      <file href="images/text1431578.png"/>
      <file href="images/TabletPortrait_text1431578.png"/>
      <file href="images/PhoneLandscape_text1431578.png"/>
      <file href="images/PhonePortrait_text1431578.png"/>
      <file href="images/shape659575.png"/>
      <file href="images/shape659555.png"/>
      <file href="images/shape1450907.png"/>
      <file href="images/shape1450909.png"/>
      <file href="images/shape1425521.png"/>
      <file href="images/shape1430244.png"/>
      <file href="images/shape1431802.png"/>
      <file href="images/shape1431804.png"/>
      <file href="images/text1431805.png"/>
      <file href="images/TabletPortrait_text1431805.png"/>
      <file href="images/PhoneLandscape_text1431805.png"/>
      <file href="images/PhonePortrait_text1431805.png"/>
      <file href="images/shape659575.png"/>
      <file href="images/shape659555.png"/>
      <file href="images/shape1450907.png"/>
      <file href="images/shape1450909.png"/>
      <file href="images/shape1425521.png"/>
      <file href="images/shape1430244.png"/>
      <file href="images/shape1432367.png"/>
      <file href="images/shape1431823.png"/>
      <file href="images/text1431828.png"/>
      <file href="images/TabletPortrait_text1431828.png"/>
      <file href="images/PhoneLandscape_text1431828.png"/>
      <file href="images/PhonePortrait_text1431828.png"/>
      <file href="images/text1431847.png"/>
      <file href="images/TabletPortrait_text1431847.png"/>
      <file href="images/PhoneLandscape_text1431847.png"/>
      <file href="images/PhonePortrait_text1431847.png"/>
      <file href="images/text1431946.png"/>
      <file href="images/TabletPortrait_text1431946.png"/>
      <file href="images/PhoneLandscape_text1431946.png"/>
      <file href="images/PhonePortrait_text1431946.png"/>
      <file href="images/shape659575.png"/>
      <file href="images/shape659555.png"/>
      <file href="images/shape1450907.png"/>
      <file href="images/shape1450909.png"/>
      <file href="images/shape1425521.png"/>
      <file href="images/shape1430244.png"/>
      <file href="images/shape1439746.png"/>
      <file href="images/shape1432558.png"/>
      <file href="images/shape659575.png"/>
      <file href="images/shape659555.png"/>
      <file href="images/shape1450907.png"/>
      <file href="images/shape1450909.png"/>
      <file href="images/shape1425521.png"/>
      <file href="images/shape1430244.png"/>
      <file href="images/shape1439788.png"/>
      <file href="images/shape1432600.png"/>
      <file href="images/shape659575.png"/>
      <file href="images/shape659555.png"/>
      <file href="images/shape1450907.png"/>
      <file href="images/shape1450909.png"/>
      <file href="images/shape1425521.png"/>
      <file href="images/shape1430244.png"/>
      <file href="images/shape1439825.png"/>
      <file href="images/shape1432632.png"/>
      <file href="images/text1432634CircleBulletFont6.png"/>
      <file href="images/shape659575.png"/>
      <file href="images/shape659555.png"/>
      <file href="images/shape1450907.png"/>
      <file href="images/shape1450909.png"/>
      <file href="images/shape1425521.png"/>
      <file href="images/shape1430244.png"/>
      <file href="images/shape1432762.png"/>
      <file href="images/text1432764.png"/>
      <file href="images/TabletPortrait_text1432764.png"/>
      <file href="images/PhoneLandscape_text1432764.png"/>
      <file href="images/PhonePortrait_text1432764.png"/>
      <file href="images/shape659575.png"/>
      <file href="images/shape659555.png"/>
      <file href="images/shape1450907.png"/>
      <file href="images/shape1450909.png"/>
      <file href="images/shape1425521.png"/>
      <file href="images/shape1430244.png"/>
      <file href="images/shape1432882.png"/>
      <file href="images/shape1432884.png"/>
      <file href="images/text1432885.png"/>
      <file href="images/TabletPortrait_text1432885.png"/>
      <file href="images/PhoneLandscape_text1432885.png"/>
      <file href="images/PhonePortrait_text1432885.png"/>
      <file href="images/shape659575.png"/>
      <file href="images/shape659555.png"/>
      <file href="images/button1443916.png"/>
      <file href="images/button1443916_over.png"/>
      <file href="images/button1443916_down.png"/>
      <file href="images/button1443916_disabled.png"/>
      <file href="images/button1436652.png"/>
      <file href="images/button1436652_over.png"/>
      <file href="images/button1436652_down.png"/>
      <file href="images/button1436652_disabled.png"/>
      <file href="images/shape1492338.png"/>
      <file href="images/shape1492340.png"/>
      <file href="images/shape1492342.png"/>
      <file href="images/button1492348.png"/>
      <file href="images/button1492348_over.png"/>
      <file href="images/button1492348_down.png"/>
      <file href="images/button1492348_disabled.png"/>
      <file href="images/button1492354.png"/>
      <file href="images/button1492354_over.png"/>
      <file href="images/button1492354_down.png"/>
      <file href="images/button1492354_disabled.png"/>
      <file href="images/shape1450907.png"/>
      <file href="images/shape1450909.png"/>
      <file href="images/shape1425521.png"/>
      <file href="images/shape1430244.png"/>
      <file href="images/button1492263.png"/>
      <file href="images/button1492263_over.png"/>
      <file href="images/button1492263_down.png"/>
      <file href="images/button1492263_disabled.png"/>
      <file href="images/shape1452503.png"/>
      <file href="images/shape1452501.png"/>
      <file href="images/text1452585.png"/>
      <file href="images/TabletPortrait_text1452585.png"/>
      <file href="images/PhoneLandscape_text1452585.png"/>
      <file href="images/PhonePortrait_text1452585.png"/>
      <file href="images/text1452971.png"/>
      <file href="images/TabletPortrait_text1452971.png"/>
      <file href="images/PhoneLandscape_text1452971.png"/>
      <file href="images/PhonePortrait_text1452971.png"/>
      <file href="images/text1452996.png"/>
      <file href="images/TabletPortrait_text1452996.png"/>
      <file href="images/PhoneLandscape_text1452996.png"/>
      <file href="images/PhonePortrait_text1452996.png"/>
      <file href="images/text1453013.png"/>
      <file href="images/TabletPortrait_text1453013.png"/>
      <file href="images/PhoneLandscape_text1453013.png"/>
      <file href="images/PhonePortrait_text1453013.png"/>
      <file href="images/text1453027.png"/>
      <file href="images/TabletPortrait_text1453027.png"/>
      <file href="images/PhoneLandscape_text1453027.png"/>
      <file href="images/PhonePortrait_text1453027.png"/>
      <file href="images/text1453044.png"/>
      <file href="images/TabletPortrait_text1453044.png"/>
      <file href="images/PhoneLandscape_text1453044.png"/>
      <file href="images/PhonePortrait_text1453044.png"/>
      <file href="images/text1453061.png"/>
      <file href="images/TabletPortrait_text1453061.png"/>
      <file href="images/PhoneLandscape_text1453061.png"/>
      <file href="images/PhonePortrait_text1453061.png"/>
      <file href="images/text1452584.png"/>
      <file href="images/TabletPortrait_text1452584.png"/>
      <file href="images/PhoneLandscape_text1452584.png"/>
      <file href="images/PhonePortrait_text1452584.png"/>
      <file href="images/text1452611.png"/>
      <file href="images/TabletPortrait_text1452611.png"/>
      <file href="images/PhoneLandscape_text1452611.png"/>
      <file href="images/PhonePortrait_text1452611.png"/>
      <file href="images/text1447494.png"/>
      <file href="images/TabletPortrait_text1447494.png"/>
      <file href="images/PhoneLandscape_text1447494.png"/>
      <file href="images/PhonePortrait_text1447494.png"/>
      <file href="images/shape1432933.png"/>
      <file href="images/text1432936.png"/>
      <file href="images/TabletPortrait_text1432936.png"/>
      <file href="images/PhoneLandscape_text1432936.png"/>
      <file href="images/PhonePortrait_text1432936.png"/>
      <file href="images/shape1433800.png"/>
      <file href="images/shape1433897.png"/>
      <file href="images/shape1434067.png"/>
      <file href="images/shape1434185.png"/>
      <file href="images/shape1434411.png"/>
      <file href="images/shape1434550.png"/>
      <file href="images/shape1481942.png"/>
      <file href="images/shape659575.png"/>
      <file href="images/shape659555.png"/>
      <file href="images/shape1450907.png"/>
      <file href="images/shape1450909.png"/>
      <file href="images/shape1425521.png"/>
      <file href="images/shape1430244.png"/>
      <file href="images/shape1435983.png"/>
      <file href="images/shape1435985.png"/>
      <file href="images/text1435986.png"/>
      <file href="images/TabletPortrait_text1435986.png"/>
      <file href="images/PhoneLandscape_text1435986.png"/>
      <file href="images/PhonePortrait_text1435986.png"/>
      <file href="images/text1435987.png"/>
      <file href="images/TabletPortrait_text1435987.png"/>
      <file href="images/PhoneLandscape_text1435987.png"/>
      <file href="images/PhonePortrait_text1435987.png"/>
      <file href="images/text1435988.png"/>
      <file href="images/TabletPortrait_text1435988.png"/>
      <file href="images/PhoneLandscape_text1435988.png"/>
      <file href="images/PhonePortrait_text1435988.png"/>
      <file href="images/shape659575.png"/>
      <file href="images/shape659555.png"/>
      <file href="images/shape1450907.png"/>
      <file href="images/shape1450909.png"/>
      <file href="images/shape1425521.png"/>
      <file href="images/shape1430244.png"/>
      <file href="images/shape1439862.png"/>
      <file href="images/shape1436065.png"/>
      <file href="images/text1436067CircleBulletFont6.png"/>
      <file href="images/shape659575.png"/>
      <file href="images/shape659555.png"/>
      <file href="images/shape1450907.png"/>
      <file href="images/shape1450909.png"/>
      <file href="images/shape1425521.png"/>
      <file href="images/shape1430244.png"/>
      <file href="images/shape1436084.png"/>
      <file href="images/shape1436086.png"/>
      <file href="images/text1436087.png"/>
      <file href="images/TabletPortrait_text1436087.png"/>
      <file href="images/PhoneLandscape_text1436087.png"/>
      <file href="images/PhonePortrait_text1436087.png"/>
      <file href="images/shape659575.png"/>
      <file href="images/shape659555.png"/>
      <file href="images/shape1492983.png"/>
      <file href="images/shape1492985.png"/>
      <file href="images/shape1492987.png"/>
      <file href="images/button1492993.png"/>
      <file href="images/button1492993_over.png"/>
      <file href="images/button1492993_down.png"/>
      <file href="images/button1492993_disabled.png"/>
      <file href="images/button1492999.png"/>
      <file href="images/button1492999_over.png"/>
      <file href="images/button1492999_down.png"/>
      <file href="images/button1492999_disabled.png"/>
      <file href="images/button1446742.png"/>
      <file href="images/button1446742_over.png"/>
      <file href="images/button1446742_down.png"/>
      <file href="images/button1446742_disabled.png"/>
      <file href="images/button1442211.png"/>
      <file href="images/button1442211_over.png"/>
      <file href="images/button1442211_down.png"/>
      <file href="images/button1442211_disabled.png"/>
      <file href="images/shape1450907.png"/>
      <file href="images/shape1450909.png"/>
      <file href="images/shape1425521.png"/>
      <file href="images/shape1430244.png"/>
      <file href="images/button1493005.png"/>
      <file href="images/button1493005_over.png"/>
      <file href="images/button1493005_down.png"/>
      <file href="images/button1493005_disabled.png"/>
      <file href="images/shape1458236.png"/>
      <file href="images/shape1458234.png"/>
      <file href="images/text1458232.png"/>
      <file href="images/TabletPortrait_text1458232.png"/>
      <file href="images/PhoneLandscape_text1458232.png"/>
      <file href="images/PhonePortrait_text1458232.png"/>
      <file href="images/text1458231.png"/>
      <file href="images/TabletPortrait_text1458231.png"/>
      <file href="images/PhoneLandscape_text1458231.png"/>
      <file href="images/PhonePortrait_text1458231.png"/>
      <file href="images/text1458230.png"/>
      <file href="images/TabletPortrait_text1458230.png"/>
      <file href="images/PhoneLandscape_text1458230.png"/>
      <file href="images/PhonePortrait_text1458230.png"/>
      <file href="images/text1458229.png"/>
      <file href="images/TabletPortrait_text1458229.png"/>
      <file href="images/PhoneLandscape_text1458229.png"/>
      <file href="images/PhonePortrait_text1458229.png"/>
      <file href="images/text1458228.png"/>
      <file href="images/TabletPortrait_text1458228.png"/>
      <file href="images/PhoneLandscape_text1458228.png"/>
      <file href="images/PhonePortrait_text1458228.png"/>
      <file href="images/text1458227.png"/>
      <file href="images/TabletPortrait_text1458227.png"/>
      <file href="images/PhoneLandscape_text1458227.png"/>
      <file href="images/PhonePortrait_text1458227.png"/>
      <file href="images/text1458226.png"/>
      <file href="images/TabletPortrait_text1458226.png"/>
      <file href="images/PhoneLandscape_text1458226.png"/>
      <file href="images/PhonePortrait_text1458226.png"/>
      <file href="images/text1458225.png"/>
      <file href="images/TabletPortrait_text1458225.png"/>
      <file href="images/PhoneLandscape_text1458225.png"/>
      <file href="images/PhonePortrait_text1458225.png"/>
      <file href="images/text1458224.png"/>
      <file href="images/TabletPortrait_text1458224.png"/>
      <file href="images/PhoneLandscape_text1458224.png"/>
      <file href="images/PhonePortrait_text1458224.png"/>
      <file href="images/text1458223.png"/>
      <file href="images/TabletPortrait_text1458223.png"/>
      <file href="images/PhoneLandscape_text1458223.png"/>
      <file href="images/PhonePortrait_text1458223.png"/>
      <file href="images/shape1436199.png"/>
      <file href="images/text1436200.png"/>
      <file href="images/TabletPortrait_text1436200.png"/>
      <file href="images/PhoneLandscape_text1436200.png"/>
      <file href="images/PhonePortrait_text1436200.png"/>
      <file href="images/shape1436202.png"/>
      <file href="images/shape1436204.png"/>
      <file href="images/shape1436206.png"/>
      <file href="images/shape1436208.png"/>
      <file href="images/shape1436210.png"/>
      <file href="images/shape1436212.png"/>
      <file href="images/shape1484155.png"/>
      <file href="images/shape659575.png"/>
      <file href="images/shape659555.png"/>
      <file href="images/shape1450907.png"/>
      <file href="images/shape1450909.png"/>
      <file href="images/shape1425521.png"/>
      <file href="images/shape1430244.png"/>
      <file href="images/shape1437005.png"/>
      <file href="images/shape1437007.png"/>
      <file href="images/text1437008.png"/>
      <file href="images/TabletPortrait_text1437008.png"/>
      <file href="images/PhoneLandscape_text1437008.png"/>
      <file href="images/PhonePortrait_text1437008.png"/>
      <file href="images/text1437009.png"/>
      <file href="images/TabletPortrait_text1437009.png"/>
      <file href="images/PhoneLandscape_text1437009.png"/>
      <file href="images/PhonePortrait_text1437009.png"/>
      <file href="images/text1437010.png"/>
      <file href="images/TabletPortrait_text1437010.png"/>
      <file href="images/PhoneLandscape_text1437010.png"/>
      <file href="images/PhonePortrait_text1437010.png"/>
      <file href="images/picture7border_image1437948.png"/>
      <file href="images/picture8border_image1437950.png"/>
      <file href="images/shape659575.png"/>
      <file href="images/shape659555.png"/>
      <file href="images/shape1450907.png"/>
      <file href="images/shape1450909.png"/>
      <file href="images/shape1425521.png"/>
      <file href="images/shape1430244.png"/>
      <file href="images/shape1439884.png"/>
      <file href="images/shape1437946.png"/>
      <file href="images/picture9border_image1438125.png"/>
      <file href="images/picture10border_image1438127.png"/>
      <file href="images/shape659575.png"/>
      <file href="images/shape659555.png"/>
      <file href="images/shape1450907.png"/>
      <file href="images/shape1450909.png"/>
      <file href="images/shape1425521.png"/>
      <file href="images/shape1430244.png"/>
      <file href="images/shape1439906.png"/>
      <file href="images/shape1438123.png"/>
      <file href="images/shape659575.png"/>
      <file href="images/shape659555.png"/>
      <file href="images/shape1450907.png"/>
      <file href="images/shape1450909.png"/>
      <file href="images/shape1425521.png"/>
      <file href="images/shape1430244.png"/>
      <file href="images/shape1438217.png"/>
      <file href="images/shape1438219.png"/>
      <file href="images/text1438221CircleBulletFont6.png"/>
      <file href="images/text1438221CircleBulletFont6.png"/>
      <file href="images/shape659575.png"/>
      <file href="images/shape659555.png"/>
      <file href="images/shape1450907.png"/>
      <file href="images/shape1450909.png"/>
      <file href="images/shape1425521.png"/>
      <file href="images/shape1430244.png"/>
      <file href="images/shape1438239.png"/>
      <file href="images/shape1438241.png"/>
      <file href="images/text1438242.png"/>
      <file href="images/TabletPortrait_text1438242.png"/>
      <file href="images/PhoneLandscape_text1438242.png"/>
      <file href="images/PhonePortrait_text1438242.png"/>
      <file href="images/shape659575.png"/>
      <file href="images/shape659555.png"/>
      <file href="images/shape1493119.png"/>
      <file href="images/shape1493121.png"/>
      <file href="images/shape1493123.png"/>
      <file href="images/button1493129.png"/>
      <file href="images/button1493129_over.png"/>
      <file href="images/button1493129_down.png"/>
      <file href="images/button1493129_disabled.png"/>
      <file href="images/button1493135.png"/>
      <file href="images/button1493135_over.png"/>
      <file href="images/button1493135_down.png"/>
      <file href="images/button1493135_disabled.png"/>
      <file href="images/button1446243.png"/>
      <file href="images/button1446243_over.png"/>
      <file href="images/button1446243_down.png"/>
      <file href="images/button1446243_disabled.png"/>
      <file href="images/shape1450907.png"/>
      <file href="images/shape1450909.png"/>
      <file href="images/shape1425521.png"/>
      <file href="images/shape1430244.png"/>
      <file href="images/shape1461542.png"/>
      <file href="images/shape1461540.png"/>
      <file href="images/button1493141.png"/>
      <file href="images/button1493141_over.png"/>
      <file href="images/button1493141_down.png"/>
      <file href="images/button1493141_disabled.png"/>
      <file href="images/text1461538.png"/>
      <file href="images/TabletPortrait_text1461538.png"/>
      <file href="images/PhoneLandscape_text1461538.png"/>
      <file href="images/PhonePortrait_text1461538.png"/>
      <file href="images/text1461537.png"/>
      <file href="images/TabletPortrait_text1461537.png"/>
      <file href="images/PhoneLandscape_text1461537.png"/>
      <file href="images/PhonePortrait_text1461537.png"/>
      <file href="images/text1461536.png"/>
      <file href="images/TabletPortrait_text1461536.png"/>
      <file href="images/PhoneLandscape_text1461536.png"/>
      <file href="images/PhonePortrait_text1461536.png"/>
      <file href="images/text1461535.png"/>
      <file href="images/TabletPortrait_text1461535.png"/>
      <file href="images/PhoneLandscape_text1461535.png"/>
      <file href="images/PhonePortrait_text1461535.png"/>
      <file href="images/text1461534.png"/>
      <file href="images/TabletPortrait_text1461534.png"/>
      <file href="images/PhoneLandscape_text1461534.png"/>
      <file href="images/PhonePortrait_text1461534.png"/>
      <file href="images/text1461533.png"/>
      <file href="images/TabletPortrait_text1461533.png"/>
      <file href="images/PhoneLandscape_text1461533.png"/>
      <file href="images/PhonePortrait_text1461533.png"/>
      <file href="images/text1461532.png"/>
      <file href="images/TabletPortrait_text1461532.png"/>
      <file href="images/PhoneLandscape_text1461532.png"/>
      <file href="images/PhonePortrait_text1461532.png"/>
      <file href="images/text1461531.png"/>
      <file href="images/TabletPortrait_text1461531.png"/>
      <file href="images/PhoneLandscape_text1461531.png"/>
      <file href="images/PhonePortrait_text1461531.png"/>
      <file href="images/text1461530.png"/>
      <file href="images/TabletPortrait_text1461530.png"/>
      <file href="images/PhoneLandscape_text1461530.png"/>
      <file href="images/PhonePortrait_text1461530.png"/>
      <file href="images/text1461529.png"/>
      <file href="images/TabletPortrait_text1461529.png"/>
      <file href="images/PhoneLandscape_text1461529.png"/>
      <file href="images/PhonePortrait_text1461529.png"/>
      <file href="images/shape1446295.png"/>
      <file href="images/text1446296.png"/>
      <file href="images/TabletPortrait_text1446296.png"/>
      <file href="images/PhoneLandscape_text1446296.png"/>
      <file href="images/PhonePortrait_text1446296.png"/>
      <file href="images/shape1446298.png"/>
      <file href="images/shape1446312.png"/>
      <file href="images/shape1446314.png"/>
      <file href="images/shape1446316.png"/>
      <file href="images/shape1446318.png"/>
      <file href="images/shape1446320.png"/>
      <file href="images/shape1484308.png"/>
      <file href="images/shape659575.png"/>
      <file href="images/shape659555.png"/>
      <file href="images/shape1450907.png"/>
      <file href="images/shape1450909.png"/>
      <file href="images/shape1425521.png"/>
      <file href="images/shape1430244.png"/>
      <file href="images/shape1438755.png"/>
      <file href="images/shape1438757.png"/>
      <file href="images/text1438758.png"/>
      <file href="images/TabletPortrait_text1438758.png"/>
      <file href="images/PhoneLandscape_text1438758.png"/>
      <file href="images/PhonePortrait_text1438758.png"/>
      <file href="images/text1438759.png"/>
      <file href="images/TabletPortrait_text1438759.png"/>
      <file href="images/PhoneLandscape_text1438759.png"/>
      <file href="images/PhonePortrait_text1438759.png"/>
      <file href="images/text1438760.png"/>
      <file href="images/TabletPortrait_text1438760.png"/>
      <file href="images/PhoneLandscape_text1438760.png"/>
      <file href="images/PhonePortrait_text1438760.png"/>
      <file href="images/picture13.jpg"/>
      <file href="images/picture11.jpg"/>
      <file href="images/picture12.jpg"/>
      <file href="images/shape659575.png"/>
      <file href="images/shape659555.png"/>
      <file href="images/shape1450907.png"/>
      <file href="images/shape1450909.png"/>
      <file href="images/shape1425521.png"/>
      <file href="images/shape1430244.png"/>
      <file href="images/shape1439928.png"/>
      <file href="images/shape1438352.png"/>
      <file href="images/shape659575.png"/>
      <file href="images/shape659555.png"/>
      <file href="images/shape1450907.png"/>
      <file href="images/shape1450909.png"/>
      <file href="images/shape1425521.png"/>
      <file href="images/shape1430244.png"/>
      <file href="images/shape1439950.png"/>
      <file href="images/shape1438887.png"/>
      <file href="images/shape659575.png"/>
      <file href="images/shape659555.png"/>
      <file href="images/shape1450907.png"/>
      <file href="images/shape1450909.png"/>
      <file href="images/shape1425521.png"/>
      <file href="images/shape1430244.png"/>
      <file href="images/shape1438905.png"/>
      <file href="images/shape1438907.png"/>
      <file href="images/text1438909CircleBulletFont6.png"/>
      <file href="images/shape659575.png"/>
      <file href="images/shape659555.png"/>
      <file href="images/shape1450907.png"/>
      <file href="images/shape1450909.png"/>
      <file href="images/shape1425521.png"/>
      <file href="images/shape1430244.png"/>
      <file href="images/shape1439013.png"/>
      <file href="images/shape1439015.png"/>
      <file href="images/text1439016.png"/>
      <file href="images/TabletPortrait_text1439016.png"/>
      <file href="images/PhoneLandscape_text1439016.png"/>
      <file href="images/PhonePortrait_text1439016.png"/>
      <file href="images/shape659575.png"/>
      <file href="images/shape659555.png"/>
      <file href="images/shape1493191.png"/>
      <file href="images/shape1493193.png"/>
      <file href="images/shape1493195.png"/>
      <file href="images/button1493201.png"/>
      <file href="images/button1493201_over.png"/>
      <file href="images/button1493201_down.png"/>
      <file href="images/button1493201_disabled.png"/>
      <file href="images/button1493207.png"/>
      <file href="images/button1493207_over.png"/>
      <file href="images/button1493207_down.png"/>
      <file href="images/button1493207_disabled.png"/>
      <file href="images/button1447164.png"/>
      <file href="images/button1447164_over.png"/>
      <file href="images/button1447164_down.png"/>
      <file href="images/button1447164_disabled.png"/>
      <file href="images/shape1450907.png"/>
      <file href="images/shape1450909.png"/>
      <file href="images/shape1425521.png"/>
      <file href="images/shape1430244.png"/>
      <file href="images/shape1462207.png"/>
      <file href="images/shape1462205.png"/>
      <file href="images/button1493213.png"/>
      <file href="images/button1493213_over.png"/>
      <file href="images/button1493213_down.png"/>
      <file href="images/button1493213_disabled.png"/>
      <file href="images/text1462203.png"/>
      <file href="images/TabletPortrait_text1462203.png"/>
      <file href="images/PhoneLandscape_text1462203.png"/>
      <file href="images/PhonePortrait_text1462203.png"/>
      <file href="images/text1462202.png"/>
      <file href="images/TabletPortrait_text1462202.png"/>
      <file href="images/PhoneLandscape_text1462202.png"/>
      <file href="images/PhonePortrait_text1462202.png"/>
      <file href="images/text1462201.png"/>
      <file href="images/TabletPortrait_text1462201.png"/>
      <file href="images/PhoneLandscape_text1462201.png"/>
      <file href="images/PhonePortrait_text1462201.png"/>
      <file href="images/text1462200.png"/>
      <file href="images/TabletPortrait_text1462200.png"/>
      <file href="images/PhoneLandscape_text1462200.png"/>
      <file href="images/PhonePortrait_text1462200.png"/>
      <file href="images/text1462199.png"/>
      <file href="images/TabletPortrait_text1462199.png"/>
      <file href="images/PhoneLandscape_text1462199.png"/>
      <file href="images/PhonePortrait_text1462199.png"/>
      <file href="images/text1462198.png"/>
      <file href="images/TabletPortrait_text1462198.png"/>
      <file href="images/PhoneLandscape_text1462198.png"/>
      <file href="images/PhonePortrait_text1462198.png"/>
      <file href="images/text1462197.png"/>
      <file href="images/TabletPortrait_text1462197.png"/>
      <file href="images/PhoneLandscape_text1462197.png"/>
      <file href="images/PhonePortrait_text1462197.png"/>
      <file href="images/text1462196.png"/>
      <file href="images/TabletPortrait_text1462196.png"/>
      <file href="images/PhoneLandscape_text1462196.png"/>
      <file href="images/PhonePortrait_text1462196.png"/>
      <file href="images/text1462195.png"/>
      <file href="images/TabletPortrait_text1462195.png"/>
      <file href="images/PhoneLandscape_text1462195.png"/>
      <file href="images/PhonePortrait_text1462195.png"/>
      <file href="images/text1462194.png"/>
      <file href="images/TabletPortrait_text1462194.png"/>
      <file href="images/PhoneLandscape_text1462194.png"/>
      <file href="images/PhonePortrait_text1462194.png"/>
      <file href="images/shape1447216.png"/>
      <file href="images/text1447217.png"/>
      <file href="images/TabletPortrait_text1447217.png"/>
      <file href="images/PhoneLandscape_text1447217.png"/>
      <file href="images/PhonePortrait_text1447217.png"/>
      <file href="images/shape1447219.png"/>
      <file href="images/shape1447233.png"/>
      <file href="images/shape1447235.png"/>
      <file href="images/shape1447237.png"/>
      <file href="images/shape1447239.png"/>
      <file href="images/shape1447241.png"/>
      <file href="images/shape1484443.png"/>
      <file href="images/shape659575.png"/>
      <file href="images/shape659555.png"/>
      <file href="images/shape1450907.png"/>
      <file href="images/shape1450909.png"/>
      <file href="images/shape1425521.png"/>
      <file href="images/shape1430244.png"/>
      <file href="images/shape1439044.png"/>
      <file href="images/shape1439046.png"/>
      <file href="images/text1439047.png"/>
      <file href="images/TabletPortrait_text1439047.png"/>
      <file href="images/PhoneLandscape_text1439047.png"/>
      <file href="images/PhonePortrait_text1439047.png"/>
      <file href="images/text1439048.png"/>
      <file href="images/TabletPortrait_text1439048.png"/>
      <file href="images/PhoneLandscape_text1439048.png"/>
      <file href="images/PhonePortrait_text1439048.png"/>
      <file href="images/text1439049.png"/>
      <file href="images/TabletPortrait_text1439049.png"/>
      <file href="images/PhoneLandscape_text1439049.png"/>
      <file href="images/PhonePortrait_text1439049.png"/>
      <file href="images/shape659575.png"/>
      <file href="images/shape659555.png"/>
      <file href="images/shape1450907.png"/>
      <file href="images/shape1450909.png"/>
      <file href="images/shape1425521.png"/>
      <file href="images/shape1430244.png"/>
      <file href="images/shape1439987.png"/>
      <file href="images/shape1439137.png"/>
      <file href="images/text1439139CircleBulletFont6.png"/>
      <file href="images/shape659575.png"/>
      <file href="images/shape659555.png"/>
      <file href="images/shape1450907.png"/>
      <file href="images/shape1450909.png"/>
      <file href="images/shape1425521.png"/>
      <file href="images/shape1430244.png"/>
      <file href="images/shape1463069.png"/>
      <file href="images/shape1463067.png"/>
      <file href="images/text1449455.png"/>
      <file href="images/TabletPortrait_text1449455.png"/>
      <file href="images/PhoneLandscape_text1449455.png"/>
      <file href="images/PhonePortrait_text1449455.png"/>
      <file href="images/shape1449309.png"/>
      <file href="images/text1463065.png"/>
      <file href="images/TabletPortrait_text1463065.png"/>
      <file href="images/PhoneLandscape_text1463065.png"/>
      <file href="images/PhonePortrait_text1463065.png"/>
      <file href="images/text1463064.png"/>
      <file href="images/TabletPortrait_text1463064.png"/>
      <file href="images/PhoneLandscape_text1463064.png"/>
      <file href="images/PhonePortrait_text1463064.png"/>
      <file href="images/text1463063.png"/>
      <file href="images/TabletPortrait_text1463063.png"/>
      <file href="images/PhoneLandscape_text1463063.png"/>
      <file href="images/PhonePortrait_text1463063.png"/>
      <file href="images/text1463062.png"/>
      <file href="images/TabletPortrait_text1463062.png"/>
      <file href="images/PhoneLandscape_text1463062.png"/>
      <file href="images/PhonePortrait_text1463062.png"/>
      <file href="images/text1463061.png"/>
      <file href="images/TabletPortrait_text1463061.png"/>
      <file href="images/PhoneLandscape_text1463061.png"/>
      <file href="images/PhonePortrait_text1463061.png"/>
      <file href="images/text1463060.png"/>
      <file href="images/TabletPortrait_text1463060.png"/>
      <file href="images/PhoneLandscape_text1463060.png"/>
      <file href="images/PhonePortrait_text1463060.png"/>
      <file href="images/text1463059.png"/>
      <file href="images/TabletPortrait_text1463059.png"/>
      <file href="images/PhoneLandscape_text1463059.png"/>
      <file href="images/PhonePortrait_text1463059.png"/>
      <file href="images/f1.png"/>
      <file href="images/f1_h.png"/>
      <file href="images/f2.png"/>
      <file href="images/f2_h.png"/>
      <file href="images/f3.png"/>
      <file href="images/f3_h.png"/>
      <file href="images/f4.png"/>
      <file href="images/f4_h.png"/>
      <file href="images/f5.png"/>
      <file href="images/f5_h.png"/>
      <file href="images/shape659575.png"/>
      <file href="images/shape659555.png"/>
      <file href="images/button1467198.png"/>
      <file href="images/button1467198_over.png"/>
      <file href="images/button1467198_down.png"/>
      <file href="images/button1467198_disabled.png"/>
      <file href="images/shape1450907.png"/>
      <file href="images/shape1450909.png"/>
      <file href="images/shape1425521.png"/>
      <file href="images/shape1430244.png"/>
      <file href="images/shape1463450.png"/>
      <file href="images/shape1482248.png"/>
      <file href="images/shape1482338.png"/>
      <file href="images/shape1472072.png"/>
      <file href="images/shape1493257.png"/>
      <file href="images/text1482951.png"/>
      <file href="images/TabletPortrait_text1482951.png"/>
      <file href="images/PhoneLandscape_text1482951.png"/>
      <file href="images/PhonePortrait_text1482951.png"/>
      <file href="images/button1463932.png"/>
      <file href="images/button1463932_over.png"/>
      <file href="images/button1463932_down.png"/>
      <file href="images/button1463932_disabled.png"/>
      <file href="images/button1463986.png"/>
      <file href="images/button1463986_over.png"/>
      <file href="images/button1463986_down.png"/>
      <file href="images/button1463986_disabled.png"/>
      <file href="images/button1464141.png"/>
      <file href="images/button1464141_over.png"/>
      <file href="images/button1464141_down.png"/>
      <file href="images/button1464141_disabled.png"/>
      <file href="images/button1464310.png"/>
      <file href="images/button1464310_over.png"/>
      <file href="images/button1464310_down.png"/>
      <file href="images/button1464310_disabled.png"/>
      <file href="images/button1464465.png"/>
      <file href="images/button1464465_over.png"/>
      <file href="images/button1464465_down.png"/>
      <file href="images/button1464465_disabled.png"/>
      <file href="images/button1466342.png"/>
      <file href="images/button1466342_over.png"/>
      <file href="images/button1466342_down.png"/>
      <file href="images/button1466342_disabled.png"/>
      <file href="images/button1466336.png"/>
      <file href="images/button1466336_over.png"/>
      <file href="images/button1466336_down.png"/>
      <file href="images/button1466336_disabled.png"/>
      <file href="images/button1466330.png"/>
      <file href="images/button1466330_over.png"/>
      <file href="images/button1466330_down.png"/>
      <file href="images/button1466330_disabled.png"/>
      <file href="images/button1466324.png"/>
      <file href="images/button1466324_over.png"/>
      <file href="images/button1466324_down.png"/>
      <file href="images/button1466324_disabled.png"/>
      <file href="images/button1466318.png"/>
      <file href="images/button1466318_over.png"/>
      <file href="images/button1466318_down.png"/>
      <file href="images/button1466318_disabled.png"/>
      <file href="images/text1463451.png"/>
      <file href="images/TabletPortrait_text1463451.png"/>
      <file href="images/PhoneLandscape_text1463451.png"/>
      <file href="images/PhonePortrait_text1463451.png"/>
      <file href="images/text1466777.png"/>
      <file href="images/TabletPortrait_text1466777.png"/>
      <file href="images/PhoneLandscape_text1466777.png"/>
      <file href="images/PhonePortrait_text1466777.png"/>
      <file href="images/text1466855.png"/>
      <file href="images/TabletPortrait_text1466855.png"/>
      <file href="images/PhoneLandscape_text1466855.png"/>
      <file href="images/PhonePortrait_text1466855.png"/>
      <file href="images/text1466046.png"/>
      <file href="images/TabletPortrait_text1466046.png"/>
      <file href="images/PhoneLandscape_text1466046.png"/>
      <file href="images/PhonePortrait_text1466046.png"/>
      <file href="images/shape1463459.png"/>
      <file href="images/shape1466467.png"/>
      <file href="images/shape1482189.png"/>
    </resource>
    <resource identifier="R_media" type="webcontent" adlcp:scormType="asset">
      <file href="media/correct_feedback.mp3"/>
      <file href="media/error.mp3"/>
      <file href="media/changeblindness_howtoplay.mp4"/>
      <file href="media/media1.mp4"/>
      <file href="media/media2.mp4"/>
      <file href="media/media3.mp4"/>
    </resource>
    <resource identifier="T_656769" type="webcontent" adlcp:scormType="asset">
      <file href="_tobj656769.xml"/>
    </resource>
    <resource identifier="S_AudioSpeaker" type="webcontent" adlcp:scormType="asset">
      <file href="images/audiobtn.gif"/>
    </resource>
    <resource identifier="S_TransButton" type="webcontent" adlcp:scormType="asset">
      <file href="images/transbtn.gif"/>
    </resource>
    <resource identifier="S_DLGFiles" type="webcontent" adlcp:scormType="asset">
      <file href="images/dlg-titlebar.gif"/>
      <file href="images/dlg-close.gif"/>
      <file href="images/dlg-resize.gif"/>
    </resource>
    <resource identifier="S_MediaElementFiles" type="webcontent" adlcp:scormType="asset">
      <file href="trivantis-player.css"/>
      <file href="mediaelement-and-player.js"/>
      <file href="MediaPlayer/flashmediaelement.swf"/>
      <file href="MediaPlayer/silverlightmediaelement.xap"/>
      <file href="MediaPlayer/bigplay.png"/>
      <file href="MediaPlayer/control-default.png"/>
      <file href="MediaPlayer/loading.gif"/>
      <file href="MediaPlayer/trivantis-skin-overrides.css"/>
    </resource>
    <resource identifier="S_FLVPlayer" type="webcontent" adlcp:scormType="asset">
      <file href="media/player.swf"/>
    </resource>
    <resource identifier="S_SCORMFiles" type="webcontent" adlcp:scormType="asset">
      <file href="apiwrapper2004.js"/>
      <file href="scofunctions2004.js"/>
    </resource>
    <resource identifier="S_BaseFiles" type="webcontent" adlcp:scormType="asset">
      <file href="trivantis.css"/>
      <file href="dialog.css"/>
      <file href="trivantis.js"/>
      <file href="es6-promise-2.0.0.min.js"/>
      <file href="trivantis-timedate.js"/>
      <file href="trivantis-pagetracking.js"/>
      <file href="trivantis-pageplayer.js"/>
      <file href="trivantis-opautils.js"/>
      <file href="media/blank.mp4"/>
      <file href="trivantis-cookie.js"/>
      <file href="trivantis-dialog.js"/>
      <file href="trivantis-button.js"/>
      <file href="trivantis-image.js"/>
      <file href="trivantis-inline.js"/>
      <file href="trivantis-media.js"/>
      <file href="hammer.js"/>
      <file href="trivantis-text.js"/>
      <file href="trivantis-trans.js"/>
      <file href="enc.js"/>
      <file href="trivantis-strings.js"/>
      <file href="trivantis-titlemgr-interact.js"/>
    </resource>
  </resources>

</manifest>
